vehicle_count,avg_speed_kmh,road_capacity,v_c_ratio,is_peak_hour,weather_condition,weather_code,occupancy_rate,has_incident,congestion_score,congestion_level,estimated_delay_minutes
1020,5.0,850,1.2,0,Storm,2,0.901,0,97.8,High,32.9
2485,5.0,1000,2.485,0,Clear,0,0.98,0,100.0,High,60.0
1276,5.0,600,2.127,0,Clear,0,0.98,1,100.0,High,60.0
1190,23.4,1000,1.19,0,Storm,2,0.788,0,89.0,High,34.3
603,42.6,850,0.709,1,Clear,0,0.475,1,75.8,High,27.3
925,39.6,850,1.088,0,Clear,0,0.684,0,67.2,Moderate,22.8
1054,31.5,1000,1.054,0,Clear,0,0.723,0,69.3,Moderate,15.8
2172,5.0,1500,1.448,0,Rain,1,0.922,0,100.0,High,44.2
1026,19.4,1000,1.026,0,Clear,0,0.625,0,73.5,High,19.2
1399,5.0,600,2.332,0,Fog,3,0.98,0,100.0,High,60.0
124,51.2,850,0.146,1,Fog,3,0.103,0,46.5,Moderate,16.2
2500,5.0,600,4.167,0,Clear,0,0.98,1,100.0,High,60.0
1441,5.0,850,1.695,1,Storm,2,0.98,0,100.0,High,60.0
728,5.0,1000,0.728,1,Fog,3,0.438,0,93.5,High,23.3
388,50.2,850,0.456,0,Clear,0,0.292,0,33.9,Low,5.4
967,24.0,1000,0.967,0,Storm,2,0.671,0,78.7,High,23.2
917,43.2,1500,0.611,0,Clear,0,0.384,0,44.1,Moderate,6.8
947,56.1,1500,0.631,0,Clear,0,0.48,0,39.2,Moderate,6.6
1028,13.5,1000,1.028,0,Rain,1,0.618,0,81.2,High,23.8
492,51.5,1000,0.492,1,Clear,0,0.405,0,46.9,Moderate,9.4
1521,36.5,1200,1.268,0,Clear,0,0.748,0,76.6,High,30.0
482,56.5,1000,0.482,0,Clear,0,0.334,0,32.3,Low,4.0
983,39.6,2000,0.492,0,Clear,0,0.336,0,40.3,Moderate,3.8
1363,19.8,1000,1.363,0,Clear,0,0.878,0,88.4,High,34.5
507,41.3,850,0.596,1,Rain,1,0.287,1,76.3,High,25.9
1449,9.3,600,2.415,0,Clear,0,0.98,1,100.0,High,60.0
382,54.8,2000,0.191,1,Rain,1,0.214,0,37.0,Moderate,6.3
1532,5.0,850,1.802,1,Clear,0,0.98,0,100.0,High,60.0
1034,11.8,850,1.216,1,Clear,0,0.79,0,97.4,High,33.4
363,14.3,600,0.605,1,Fog,3,0.396,0,83.8,High,21.5
1405,18.6,1000,1.405,0,Clear,0,0.836,0,90.8,High,37.9
809,27.3,1000,0.809,0,Clear,0,0.572,0,60.1,Moderate,8.8
1038,5.0,1500,0.692,0,Storm,2,0.461,0,74.9,High,17.0
2500,5.0,1000,2.5,1,Rain,1,0.98,1,100.0,High,60.0
2500,5.0,1000,2.5,0,Fog,3,0.98,0,100.0,High,60.0
1190,19.1,1200,0.992,0,Clear,0,0.635,0,72.0,High,19.1
406,15.5,1000,0.406,1,Fog,3,0.346,0,74.3,High,19.6
1159,19.7,1000,1.159,0,Rain,1,0.711,0,84.3,High,28.5
1842,31.7,2000,0.921,1,Clear,0,0.59,0,75.2,High,20.9
895,18.7,1000,0.895,0,Clear,0,0.608,0,67.9,Moderate,13.8
679,44.8,1200,0.566,0,Clear,0,0.41,0,41.3,Moderate,4.3
915,22.9,1000,0.915,1,Clear,0,0.68,0,78.9,High,22.0
976,47.0,1200,0.813,1,Clear,0,0.53,0,63.4,Moderate,15.2
2388,5.0,600,3.98,0,Clear,0,0.98,1,100.0,High,60.0
522,68.0,1200,0.435,0,Clear,0,0.42,0,25.0,Low,0.6
1174,12.0,1200,0.978,1,Rain,1,0.655,0,91.6,High,26.6
557,64.8,1500,0.371,0,Clear,0,0.273,0,23.5,Low,1.5
591,19.9,1000,0.591,1,Rain,1,0.393,0,70.6,High,14.5
636,34.3,850,0.748,0,Clear,0,0.431,0,54.3,Moderate,9.4
384,39.8,1200,0.32,1,Fog,3,0.251,0,59.5,Moderate,16.6
2228,52.7,2000,1.114,0,Clear,0,0.811,1,77.4,High,36.0
1460,16.1,1200,1.217,0,Clear,0,0.712,0,83.5,High,27.4
1853,15.9,2000,0.926,0,Rain,1,0.509,0,75.5,High,19.4
2383,5.0,850,2.804,1,Rain,1,0.98,0,100.0,High,60.0
1429,42.2,2000,0.714,0,Clear,0,0.486,0,49.2,Moderate,7.6
2491,5.0,1200,2.076,0,Clear,0,0.98,1,100.0,High,60.0
834,49.4,1500,0.556,1,Clear,0,0.402,0,50.8,Moderate,11.6
961,40.3,1000,0.961,0,Clear,0,0.697,0,61.1,Moderate,16.3
252,65.2,1000,0.252,0,Clear,0,0.1,0,18.0,Low,0.0
400,78.6,1200,0.333,0,Clear,0,0.222,0,15.6,Low,1.5
1483,13.3,1000,1.483,1,Clear,0,0.948,1,100.0,High,60.0
700,32.5,600,1.167,0,Clear,0,0.766,0,73.9,High,23.9
1215,5.0,850,1.429,1,Clear,0,0.948,0,100.0,High,43.9
540,42.0,850,0.635,0,Clear,0,0.464,0,45.7,Moderate,7.0
1259,56.6,1500,0.839,0,Clear,0,0.506,0,48.3,Moderate,11.1
795,28.8,1000,0.795,1,Clear,0,0.556,1,85.8,High,29.0
704,38.4,850,0.828,0,Fog,3,0.463,0,71.0,High,21.9
1806,5.0,850,2.125,0,Clear,0,0.98,0,100.0,High,60.0
1208,40.0,1200,1.007,0,Clear,0,0.71,0,63.3,Moderate,21.1
2500,5.0,1000,2.5,0,Clear,0,0.98,0,100.0,High,60.0
1524,5.0,1000,1.524,1,Rain,1,0.98,0,100.0,High,52.6
1328,9.0,1200,1.107,0,Fog,3,0.774,0,96.8,High,34.0
237,32.6,2000,0.118,1,Rain,1,0.089,0,43.7,Moderate,9.7
1250,50.2,1200,1.042,0,Clear,0,0.75,1,75.3,High,30.5
932,47.9,2000,0.466,1,Clear,0,0.286,0,47.4,Moderate,6.7
1442,5.0,1200,1.202,1,Clear,0,0.746,0,99.8,High,28.3
1368,38.4,1200,1.14,0,Clear,0,0.749,1,85.0,High,36.1
934,23.0,850,1.099,1,Clear,0,0.62,0,87.1,High,27.2
994,5.0,600,1.657,1,Clear,0,0.98,1,100.0,High,60.0
812,22.3,600,1.353,0,Clear,0,0.942,0,86.9,High,35.8
1855,5.0,1200,1.546,1,Fog,3,0.98,0,100.0,High,60.0
1777,5.0,1200,1.481,0,Storm,2,0.961,1,100.0,High,60.0
934,49.2,1200,0.778,0,Clear,0,0.481,0,48.9,Moderate,9.0
219,62.0,1200,0.182,0,Clear,0,0.083,0,16.3,Low,0.0
677,22.8,1200,0.564,1,Storm,2,0.382,0,73.1,High,16.4
1194,29.9,1500,0.796,0,Clear,0,0.497,0,58.4,Moderate,9.1
1576,19.6,1200,1.313,1,Clear,0,0.806,1,100.0,High,50.8
1461,21.9,1000,1.461,0,Clear,0,0.858,0,91.9,High,40.3
2423,5.0,850,2.851,0,Rain,1,0.98,0,100.0,High,60.0
971,16.9,1200,0.809,1,Rain,1,0.595,1,96.8,High,30.5
197,44.9,850,0.232,0,Clear,0,0.183,0,26.2,Low,0.0
1938,14.5,1200,1.615,0,Clear,0,0.98,1,100.0,High,60.0
1458,7.0,850,1.715,0,Clear,0,0.98,1,100.0,High,60.0
701,9.6,1000,0.701,0,Storm,2,0.434,1,88.2,High,25.6
1587,23.4,1200,1.322,0,Clear,0,0.903,0,85.0,High,33.9
1157,46.2,1500,0.771,0,Fog,3,0.501,0,64.9,Moderate,20.1
1164,30.0,1200,0.97,0,Clear,0,0.652,0,66.2,Moderate,16.3
1496,16.5,1500,0.997,0,Clear,0,0.654,0,73.5,High,16.0
467,30.0,1500,0.311,1,Rain,1,0.172,0,53.5,Moderate,9.8
206,62.3,1500,0.137,1,Clear,0,0.07,0,26.2,Low,3.4
1130,45.8,1500,0.753,0,Clear,0,0.531,0,49.3,Moderate,9.5
917,45.5,850,1.079,0,Clear,0,0.744,0,64.1,Moderate,22.6
1150,35.5,1500,0.767,0,Rain,1,0.55,1,74.5,High,25.5
750,19.8,600,1.25,0,Clear,0,0.79,0,83.3,High,30.4
2440,10.4,2000,1.22,1,Fog,3,0.848,1,100.0,High,56.6
1269,5.0,850,1.493,0,Fog,3,0.935,0,100.0,High,54.7
532,87.2,1500,0.355,0,Clear,0,0.199,0,12.7,Low,1.3
1107,11.6,1500,0.738,1,Clear,0,0.398,0,76.0,High,13.4
1273,9.7,1000,1.273,0,Rain,1,0.801,1,100.0,High,45.0
995,33.3,2000,0.498,0,Rain,1,0.359,0,48.4,Moderate,8.7
348,58.4,600,0.58,0,Rain,1,0.354,0,40.8,Moderate,6.8
405,48.0,850,0.476,1,Clear,0,0.309,0,47.8,Moderate,7.3
2146,5.0,850,2.525,0,Clear,0,0.98,1,100.0,High,60.0
2041,5.0,600,3.402,0,Rain,1,0.98,0,100.0,High,60.0
868,5.0,850,1.021,1,Storm,2,0.682,0,100.0,High,27.7
2127,15.1,1200,1.772,0,Rain,1,0.98,1,100.0,High,60.0
1168,56.2,1500,0.779,0,Clear,0,0.492,0,45.7,Moderate,12.1
737,64.5,1200,0.614,0,Clear,0,0.381,0,34.6,Low,5.5
2240,5.0,1000,2.24,0,Clear,0,0.98,0,100.0,High,60.0
636,13.5,1200,0.53,1,Storm,2,0.298,1,90.8,High,29.8
1313,13.7,1000,1.313,1,Clear,0,0.883,0,100.0,High,37.8
2329,5.0,850,2.74,1,Clear,0,0.98,0,100.0,High,60.0
509,63.1,1000,0.509,0,Clear,0,0.34,0,30.5,Low,2.3
904,40.9,1500,0.603,0,Clear,0,0.45,1,59.7,Moderate,15.5
961,15.0,600,1.602,0,Clear,0,0.98,1,100.0,High,60.0
1006,5.0,600,1.677,0,Clear,0,0.98,0,100.0,High,58.6
1344,15.9,1200,1.12,1,Clear,0,0.842,0,91.3,High,27.6
1741,49.1,1500,1.161,0,Clear,0,0.837,0,66.2,Moderate,23.4
788,29.4,1200,0.657,1,Clear,0,0.414,0,64.3,Moderate,13.9
1498,32.9,1200,1.248,0,Clear,0,0.864,0,77.4,High,32.9
1301,56.5,2000,0.65,0,Clear,0,0.39,0,39.9,Moderate,7.1
918,38.5,1200,0.765,1,Clear,0,0.523,0,65.1,Moderate,13.8
427,33.7,1000,0.427,1,Rain,1,0.324,0,57.0,Moderate,9.2
585,65.6,2000,0.292,0,Clear,0,0.234,1,34.6,Low,14.3
2500,5.0,1200,2.083,0,Fog,3,0.98,0,100.0,High,60.0
1065,37.8,850,1.253,1,Clear,0,0.845,1,100.0,High,45.1
932,51.2,1200,0.777,0,Clear,0,0.51,0,47.9,Moderate,10.9
1897,32.6,1200,1.581,0,Clear,0,0.98,0,92.5,High,49.8
1349,5.0,600,2.248,1,Fog,3,0.98,1,100.0,High,60.0
2500,5.0,1000,2.5,0,Rain,1,0.98,1,100.0,High,60.0
2475,8.2,2000,1.238,0,Fog,3,0.914,1,100.0,High,49.6
613,66.9,1500,0.409,0,Clear,0,0.19,0,24.3,Low,3.6
1545,15.5,850,1.818,0,Clear,0,0.98,0,100.0,High,60.0
802,53.0,1000,0.802,0,Clear,0,0.466,0,48.2,Moderate,12.0
1181,5.0,1200,0.984,1,Storm,2,0.692,0,100.0,High,29.5
1156,52.3,2000,0.578,0,Clear,0,0.468,0,38.5,Moderate,5.7
1205,62.5,1500,0.803,0,Clear,0,0.527,0,44.0,Moderate,8.6
1237,13.2,850,1.455,0,Clear,0,0.895,0,95.5,High,40.2
226,54.5,1200,0.188,0,Clear,0,0.055,0,20.0,Low,1.2
1013,53.7,1000,1.013,0,Clear,0,0.726,1,72.4,High,28.7
1769,6.4,1000,1.769,0,Clear,0,0.98,0,100.0,High,60.0
1001,31.7,1000,1.001,0,Clear,0,0.617,0,66.8,Moderate,18.1
305,40.0,1000,0.305,1,Clear,0,0.207,0,43.7,Moderate,8.4
1048,41.7,1000,1.048,0,Clear,0,0.73,1,79.4,High,31.8
2500,5.0,1500,1.667,1,Clear,0,0.98,0,100.0,High,60.0
798,39.5,1200,0.665,0,Clear,0,0.434,0,48.2,Moderate,7.2
1601,5.0,600,2.668,1,Clear,0,0.98,0,100.0,High,60.0
1790,7.1,850,2.106,0,Clear,0,0.98,0,100.0,High,60.0
1039,8.9,850,1.222,0,Storm,2,0.768,1,100.0,High,47.9
1576,26.9,850,1.854,0,Clear,0,0.98,0,100.0,High,60.0
1369,26.7,850,1.611,0,Clear,0,0.98,0,96.4,High,50.4
1333,37.2,1000,1.333,0,Clear,0,0.899,0,79.2,High,32.3
1085,5.0,600,1.808,0,Rain,1,0.98,1,100.0,High,60.0
625,27.6,600,1.042,1,Clear,0,0.623,0,82.4,High,23.8
746,22.4,1200,0.622,0,Rain,1,0.368,1,73.9,High,23.4
1432,45.8,1200,1.193,0,Clear,0,0.812,0,69.1,Moderate,26.0
757,33.4,1500,0.505,0,Clear,0,0.354,0,43.7,Moderate,4.8
278,76.1,2000,0.139,0,Clear,0,0.056,0,8.0,Low,1.0
829,57.9,1200,0.691,0,Clear,0,0.44,0,41.0,Moderate,9.7
1611,5.0,1000,1.611,1,Storm,2,0.98,0,100.0,High,60.0
1136,9.9,1200,0.947,1,Rain,1,0.598,0,91.2,High,23.9
995,16.5,1000,0.995,1,Rain,1,0.672,0,90.3,High,28.7
669,36.1,2000,0.334,0,Rain,1,0.156,0,39.8,Moderate,6.3
1049,32.8,2000,0.524,1,Clear,0,0.373,1,71.8,High,21.0
809,34.6,1500,0.539,0,Rain,1,0.386,0,49.7,Moderate,11.1
499,24.2,1200,0.416,1,Rain,1,0.308,0,60.8,Moderate,13.5
1200,5.0,850,1.412,0,Storm,2,0.912,1,100.0,High,56.7
565,43.7,1200,0.471,0,Fog,3,0.406,1,67.5,Moderate,22.7
1959,36.8,1500,1.306,0,Clear,0,0.759,1,93.2,High,44.9
957,48.7,1200,0.798,0,Clear,0,0.486,0,50.0,Moderate,11.2
455,56.4,1000,0.455,0,Clear,0,0.354,0,31.1,Low,1.5
1199,38.6,1200,0.999,1,Clear,0,0.542,0,75.6,High,18.6
2496,5.0,1000,2.496,0,Clear,0,0.98,1,100.0,High,60.0
1751,8.8,850,2.06,0,Clear,0,0.98,0,100.0,High,60.0
970,16.5,1000,0.97,1,Clear,0,0.598,0,84.2,High,23.2
1538,6.3,1500,1.025,0,Storm,2,0.622,0,89.3,High,26.9
1773,5.0,1500,1.182,0,Storm,2,0.811,0,96.9,High,35.0
1266,5.0,850,1.489,1,Clear,0,0.974,1,100.0,High,58.4
1560,5.0,600,2.6,0,Clear,0,0.98,1,100.0,High,60.0
1235,5.0,600,2.058,0,Clear,0,0.98,0,100.0,High,60.0
1163,24.9,1000,1.163,0,Clear,0,0.718,1,92.1,High,37.1
2438,5.0,850,2.868,1,Clear,0,0.98,1,100.0,High,60.0
2237,5.0,1000,2.237,0,Clear,0,0.98,0,100.0,High,60.0
1242,9.7,1000,1.242,1,Fog,3,0.78,0,100.0,High,45.9
884,5.0,600,1.473,1,Rain,1,0.829,0,100.0,High,50.4
1206,5.0,1200,1.005,0,Fog,3,0.71,1,100.0,High,43.2
1893,5.0,850,2.227,0,Clear,0,0.98,1,100.0,High,60.0
1561,5.0,1000,1.561,1,Rain,1,0.98,0,100.0,High,56.2
2373,5.0,1500,1.582,0,Clear,0,0.98,0,100.0,High,49.3
1942,5.0,1500,1.295,1,Rain,1,0.85,1,100.0,High,52.5
812,50.0,1500,0.541,0,Clear,0,0.444,0,37.9,Moderate,5.7
874,47.1,1200,0.728,0,Rain,1,0.437,0,52.6,Moderate,14.6
1274,5.0,850,1.499,0,Clear,0,0.917,0,100.0,High,43.9
2409,5.0,1000,2.409,1,Clear,0,0.98,1,100.0,High,60.0
728,53.1,850,0.856,0,Clear,0,0.547,0,50.6,Moderate,12.9
1123,9.1,1000,1.123,1,Clear,0,0.744,0,94.5,High,29.0
354,36.5,600,0.59,1,Rain,1,0.408,0,63.1,Moderate,16.2
833,57.2,1000,0.833,0,Clear,0,0.63,0,47.7,Moderate,9.9
353,40.1,600,0.588,1,Clear,0,0.419,0,56.4,Moderate,12.0
736,33.2,850,0.866,0,Clear,0,0.553,0,60.0,Moderate,10.3
1474,36.6,1000,1.474,0,Clear,0,0.98,0,85.9,High,41.3
1100,13.5,600,1.833,0,Clear,0,0.98,0,100.0,High,60.0
1162,45.7,1200,0.968,0,Clear,0,0.662,0,59.0,Moderate,16.9
407,69.6,1200,0.339,0,Clear,0,0.23,0,19.9,Low,0.5
1167,33.9,2000,0.584,1,Clear,0,0.335,0,59.0,Moderate,8.5
1254,18.2,1000,1.254,1,Clear,0,0.936,0,96.2,High,33.3
1085,23.0,2000,0.542,1,Clear,0,0.335,0,62.0,Moderate,11.4
1664,48.1,2000,0.832,0,Clear,0,0.586,0,51.8,Moderate,12.0
1004,8.1,1000,1.004,0,Rain,1,0.676,1,97.6,High,35.2
1396,42.6,1000,1.396,0,Clear,0,0.849,0,79.6,High,37.4
1719,5.0,1000,1.719,0,Clear,0,0.98,0,100.0,High,59.9
1642,5.0,1000,1.642,0,Clear,0,0.98,0,100.0,High,52.2
217,39.2,850,0.255,1,Clear,0,0.212,0,41.9,Moderate,7.3
958,22.6,1500,0.639,1,Fog,3,0.334,0,81.6,High,24.4
768,25.2,600,1.28,0,Clear,0,0.807,1,97.3,High,42.5
1080,25.3,850,1.271,0,Clear,0,0.815,1,96.8,High,45.8
2500,5.0,1000,2.5,0,Rain,1,0.98,1,100.0,High,60.0
1082,39.7,850,1.273,0,Clear,0,0.871,1,90.4,High,42.1
1526,27.1,1500,1.017,1,Clear,0,0.738,1,96.6,High,36.1
1603,41.7,2000,0.802,0,Clear,0,0.572,0,53.3,Moderate,9.8
1312,5.0,850,1.544,0,Storm,2,0.98,1,100.0,High,60.0
864,24.5,2000,0.432,1,Clear,0,0.314,0,56.4,Moderate,8.4
1032,46.6,1200,0.86,0,Clear,0,0.524,0,53.7,Moderate,11.4
734,46.3,1000,0.734,1,Clear,0,0.524,0,60.2,Moderate,15.1
1120,28.9,1000,1.12,0,Clear,0,0.728,0,73.4,High,22.8
944,43.0,1000,0.944,0,Rain,1,0.638,0,64.1,Moderate,19.6
1324,47.0,1000,1.324,0,Clear,0,0.821,0,74.4,High,34.5
1138,23.5,1000,1.138,1,Clear,0,0.791,0,88.7,High,28.3
1632,5.0,1200,1.36,0,Fog,3,0.94,1,100.0,High,60.0
1264,42.8,1200,1.053,0,Clear,0,0.632,0,64.1,Moderate,20.3
2500,5.0,600,4.167,0,Clear,0,0.98,0,100.0,High,60.0
2500,5.0,850,2.941,0,Clear,0,0.98,0,100.0,High,60.0
2371,5.0,600,3.952,0,Clear,0,0.98,0,100.0,High,60.0
381,45.6,1000,0.381,1,Clear,0,0.213,0,44.6,Moderate,7.5
863,31.8,1000,0.863,1,Clear,0,0.57,1,87.5,High,27.0
1727,9.4,1000,1.727,1,Clear,0,0.98,0,100.0,High,60.0
1411,16.6,850,1.66,0,Clear,0,0.98,0,100.0,High,55.9
2500,5.0,1000,2.5,0,Clear,0,0.98,0,100.0,High,60.0
2213,21.5,1200,1.844,0,Clear,0,0.98,0,100.0,High,60.0
1998,5.0,850,2.351,0,Clear,0,0.98,0,100.0,High,60.0
1044,5.0,1000,1.044,1,Rain,1,0.703,0,97.7,High,27.7
939,33.1,1200,0.782,0,Clear,0,0.479,0,56.3,Moderate,8.7
1270,5.0,850,1.494,0,Fog,3,0.943,0,100.0,High,54.0
454,56.6,2000,0.227,0,Rain,1,0.143,0,25.8,Low,6.1
936,28.8,850,1.101,0,Clear,0,0.675,0,72.6,High,24.4
1170,18.9,850,1.376,1,Clear,0,0.885,0,100.0,High,39.5
1801,20.8,850,2.119,0,Clear,0,0.98,0,100.0,High,60.0
1383,5.0,1200,1.152,0,Fog,3,0.823,1,100.0,High,48.8
1540,5.0,600,2.567,1,Rain,1,0.98,0,100.0,High,60.0
1140,10.7,1000,1.14,1,Rain,1,0.789,0,99.5,High,35.7
1439,50.4,1500,0.959,0,Clear,0,0.681,0,56.5,Moderate,18.8
2500,5.0,1000,2.5,1,Clear,0,0.98,0,100.0,High,60.0
1036,42.2,1000,1.036,0,Clear,0,0.658,0,63.6,Moderate,18.9
685,34.1,1000,0.685,1,Clear,0,0.468,0,63.5,Moderate,13.5
1568,5.0,600,2.613,0,Clear,0,0.98,0,100.0,High,60.0
1444,5.0,1000,1.444,1,Clear,0,0.93,0,100.0,High,47.8
1312,41.9,2000,0.656,0,Clear,0,0.409,0,46.7,Moderate,7.1
1030,42.4,1500,0.687,1,Clear,0,0.456,0,59.8,Moderate,10.5
1113,5.0,600,1.855,1,Fog,3,0.98,0,100.0,High,60.0
1123,25.7,1000,1.123,0,Rain,1,0.623,0,80.0,High,28.4
1392,5.0,600,2.32,0,Clear,0,0.98,0,100.0,High,60.0
1441,19.1,1000,1.441,0,Rain,1,0.978,0,97.3,High,44.0
1593,11.2,1000,1.593,0,Rain,1,0.943,0,100.0,High,51.9
1873,5.2,1200,1.561,0,Clear,0,0.98,0,100.0,High,46.6
930,38.1,1000,0.93,1,Clear,0,0.65,0,72.7,High,19.5
1002,5.0,1000,1.002,1,Fog,3,0.651,0,100.0,High,35.0
1593,6.7,1000,1.593,1,Clear,0,0.98,1,100.0,High,60.0
1263,5.0,600,2.105,0,Rain,1,0.98,0,100.0,High,60.0
1505,15.9,1200,1.254,0,Clear,0,0.8,0,85.3,High,32.0
1431,24.3,850,1.684,0,Clear,0,0.98,0,100.0,High,55.8
1978,21.6,1500,1.319,0,Clear,0,0.859,0,85.6,High,37.2
904,36.0,1000,0.904,0,Fog,3,0.556,0,75.5,High,27.1
488,53.2,1200,0.407,0,Clear,0,0.24,0,30.4,Low,4.8
851,57.1,2000,0.426,0,Clear,0,0.291,0,29.4,Low,1.0
924,58.3,1000,0.924,0,Clear,0,0.555,0,51.3,Moderate,16.5
173,27.8,1200,0.144,1,Fog,3,0.035,0,57.0,Moderate,15.7
1187,34.0,1200,0.989,0,Clear,0,0.653,0,65.2,Moderate,17.4
622,34.8,600,1.037,0,Clear,0,0.667,0,67.0,Moderate,19.2
788,20.4,1000,0.788,1,Clear,0,0.501,0,74.3,High,15.4
1319,18.6,1000,1.319,0,Clear,0,0.822,0,87.0,High,32.4
1217,5.0,1000,1.217,1,Clear,0,0.833,0,100.0,High,29.9
689,34.3,1000,0.689,0,Clear,0,0.421,1,66.6,Moderate,19.5
1487,7.4,1000,1.487,0,Clear,0,0.98,0,99.6,High,42.6
909,22.5,2000,0.454,1,Rain,1,0.281,0,63.3,Moderate,11.1
396,55.8,600,0.66,0,Clear,0,0.388,0,40.6,Moderate,8.8
1024,5.0,850,1.205,1,Rain,1,0.835,1,100.0,High,49.7
1942,22.8,1500,1.295,0,Clear,0,0.851,0,84.0,High,29.6
395,40.7,600,0.658,1,Clear,0,0.461,0,59.3,Moderate,11.6
1268,5.0,1000,1.268,1,Clear,0,0.799,1,100.0,High,45.5
836,27.6,850,0.984,1,Clear,0,0.678,0,79.8,High,22.0
476,25.8,850,0.56,1,Clear,0,0.364,0,61.6,Moderate,8.9
1364,5.0,850,1.605,1,Rain,1,0.98,1,100.0,High,60.0
1296,11.3,1000,1.296,0,Clear,0,0.825,0,89.2,High,33.5
1219,33.2,2000,0.61,0,Clear,0,0.433,0,48.5,Moderate,8.0
1581,5.0,1000,1.581,0,Storm,2,0.98,0,100.0,High,55.2
2500,5.0,1000,2.5,1,Clear,0,0.98,0,100.0,High,60.0
1196,35.3,1000,1.196,0,Clear,0,0.78,0,74.0,High,26.7
959,31.0,2000,0.48,1,Clear,0,0.32,0,55.6,Moderate,5.7
1734,5.0,850,2.04,1,Clear,0,0.98,0,100.0,High,60.0
1032,43.6,1000,1.032,0,Clear,0,0.652,0,62.8,Moderate,18.9
890,24.2,600,1.483,0,Clear,0,0.911,1,100.0,High,56.9
1069,31.0,1000,1.069,0,Clear,0,0.671,0,70.2,High,19.8
1131,25.5,850,1.331,0,Clear,0,0.956,0,84.4,High,34.1
2500,5.0,850,2.941,0,Rain,1,0.98,1,100.0,High,60.0
2160,5.0,850,2.541,0,Clear,0,0.98,0,100.0,High,60.0
1633,5.0,1000,1.633,0,Fog,3,0.98,1,100.0,High,60.0
880,15.9,850,1.035,0,Clear,0,0.792,0,75.4,High,18.9
759,5.0,600,1.265,0,Fog,3,0.761,0,100.0,High,39.8
829,11.4,850,0.975,0,Rain,1,0.597,0,79.8,High,19.9
1305,50.6,2000,0.652,0,Clear,0,0.404,0,42.6,Moderate,8.8
1290,32.6,2000,0.645,0,Clear,0,0.415,0,50.4,Moderate,9.4
1411,25.5,1200,1.176,0,Rain,1,0.818,0,82.4,High,25.5
883,30.5,850,1.039,0,Clear,0,0.696,0,69.0,Moderate,19.8
1030,5.0,1000,1.03,1,Clear,0,0.628,0,92.1,High,26.0
2500,8.9,1500,1.667,0,Clear,0,0.98,1,100.0,High,60.0
1937,5.0,850,2.279,0,Fog,3,0.98,0,100.0,High,60.0
961,25.8,1000,0.961,0,Rain,1,0.6,0,72.6,High,17.6
1542,10.3,1000,1.542,1,Rain,1,0.98,1,100.0,High,60.0
737,33.7,1000,0.737,0,Storm,2,0.501,0,64.0,Moderate,15.1
459,59.7,1000,0.459,1,Clear,0,0.342,0,41.8,Moderate,8.8
377,45.5,1000,0.377,1,Rain,1,0.324,0,49.5,Moderate,10.0
1935,15.3,2000,0.968,0,Clear,0,0.656,0,72.6,High,17.2
597,53.4,1000,0.597,0,Clear,0,0.462,0,38.9,Moderate,6.5
483,48.3,1200,0.402,1,Clear,0,0.271,0,44.4,Moderate,9.0
571,33.0,1000,0.571,1,Clear,0,0.336,0,58.9,Moderate,11.4
907,27.4,1000,0.907,0,Clear,0,0.502,0,64.5,Moderate,14.6
1693,5.0,850,1.992,1,Rain,1,0.98,1,100.0,High,60.0
1078,12.2,600,1.797,0,Clear,0,0.98,1,100.0,High,60.0
582,50.2,1200,0.485,0,Clear,0,0.361,0,35.3,Moderate,3.5
845,39.3,850,0.994,0,Clear,0,0.644,0,63.0,Moderate,19.6
1575,5.0,600,2.625,0,Fog,3,0.98,1,100.0,High,60.0
1183,59.0,2000,0.592,0,Clear,0,0.307,0,36.1,Moderate,6.3
1255,24.6,2000,0.628,1,Rain,1,0.346,0,70.2,High,16.1
1407,45.9,1200,1.172,0,Clear,0,0.765,0,68.1,Moderate,22.7
576,15.4,600,0.96,1,Clear,0,0.546,0,84.3,High,21.8
1640,34.1,1200,1.367,0,Clear,0,0.845,0,82.1,High,36.3
706,25.5,1000,0.706,1,Clear,0,0.458,1,83.3,High,27.1
688,35.4,1200,0.573,0,Storm,2,0.389,0,55.9,Moderate,13.2
956,52.7,1000,0.956,0,Clear,0,0.687,0,55.3,Moderate,15.9
1489,20.2,1200,1.241,0,Rain,1,0.797,0,87.8,High,31.0
1351,18.8,1200,1.126,0,Rain,1,0.679,0,83.2,High,25.2
1519,9.4,1000,1.519,0,Clear,0,0.98,0,100.0,High,39.6
1715,8.5,2000,0.858,1,Rain,1,0.548,0,87.8,High,21.6
403,47.4,1000,0.403,1,Clear,0,0.264,0,44.8,Moderate,5.7
1201,46.0,2000,0.6,1,Clear,0,0.463,0,54.3,Moderate,11.9
1800,5.0,600,3.0,0,Clear,0,0.98,1,100.0,High,60.0
882,28.6,1500,0.588,1,Rain,1,0.377,0,66.6,Moderate,12.2
1342,33.0,1000,1.342,1,Clear,0,0.861,0,93.5,High,40.2
2500,5.0,1000,2.5,0,Clear,0,0.98,1,100.0,High,60.0
880,19.1,600,1.467,0,Clear,0,0.966,0,93.4,High,43.2
1101,30.8,1200,0.918,0,Rain,1,0.626,0,68.4,Moderate,19.1
1165,13.6,1200,0.971,1,Rain,1,0.632,0,90.6,High,23.3
652,37.6,1200,0.543,1,Clear,0,0.383,0,55.5,Moderate,9.1
713,22.4,1200,0.594,1,Fog,3,0.319,0,79.7,High,24.7
2500,5.0,850,2.941,0,Clear,0,0.98,0,100.0,High,60.0
644,47.7,1500,0.429,0,Clear,0,0.277,0,33.9,Low,2.6
2500,5.0,850,2.941,0,Clear,0,0.98,0,100.0,High,60.0
1775,15.8,1000,1.775,0,Clear,0,0.98,0,100.0,High,60.0
729,49.1,1200,0.608,1,Clear,0,0.445,0,53.2,Moderate,10.8
959,66.1,2000,0.48,0,Clear,0,0.341,0,27.9,Low,2.2
744,24.0,850,0.875,0,Fog,3,0.61,0,79.6,High,20.9
1069,5.0,850,1.258,1,Clear,0,0.838,0,100.0,High,37.5
738,41.0,850,0.868,0,Rain,1,0.592,1,76.6,High,28.3
1002,24.6,1200,0.835,1,Clear,0,0.583,0,74.5,High,17.6
1131,12.5,1000,1.131,0,Storm,2,0.803,0,91.3,High,33.8
790,44.3,1000,0.79,0,Rain,1,0.412,0,56.6,Moderate,13.0
2172,42.0,2000,1.086,0,Clear,0,0.702,0,66.0,Moderate,20.8
369,70.7,1000,0.369,0,Clear,0,0.209,0,20.8,Low,1.1
1810,28.1,1500,1.207,0,Rain,1,0.732,1,97.6,High,42.1
480,38.7,2000,0.24,0,Storm,2,0.153,0,39.4,Moderate,7.4
263,38.2,1000,0.263,0,Rain,1,0.232,0,35.7,Moderate,4.0
1914,5.9,2000,0.957,0,Storm,2,0.719,1,100.0,High,35.4
706,48.2,1200,0.588,1,Clear,0,0.412,0,52.8,Moderate,8.7
2010,32.8,2000,1.005,0,Clear,0,0.709,0,66.4,Moderate,17.5
911,40.7,1000,0.911,1,Clear,0,0.659,0,70.7,High,20.4
1683,5.0,600,2.805,0,Clear,0,0.98,1,100.0,High,60.0
408,26.7,850,0.48,1,Clear,0,0.286,0,57.6,Moderate,9.7
1083,30.2,1200,0.902,0,Clear,0,0.584,0,63.0,Moderate,15.5
1255,30.7,1500,0.837,1,Rain,1,0.526,1,91.8,High,31.1
1465,12.2,1000,1.465,0,Clear,0,0.958,0,96.4,High,42.7
2500,5.0,850,2.941,0,Clear,0,0.98,0,100.0,High,60.0
544,19.1,1200,0.453,1,Rain,1,0.242,0,64.8,Moderate,10.5
929,37.6,1200,0.774,1,Clear,0,0.504,0,65.9,Moderate,13.3
1491,5.0,600,2.485,0,Clear,0,0.98,1,100.0,High,60.0
943,37.8,1000,0.943,0,Clear,0,0.6,0,61.4,Moderate,16.4
2390,5.0,850,2.812,0,Clear,0,0.98,0,100.0,High,60.0
1370,5.0,850,1.612,0,Clear,0,0.96,1,100.0,High,60.0
891,37.3,850,1.048,1,Clear,0,0.672,0,78.4,High,23.4
1585,5.0,850,1.865,0,Storm,2,0.98,0,100.0,High,60.0
1298,5.0,850,1.527,0,Rain,1,0.98,0,100.0,High,46.1
375,51.2,850,0.441,0,Rain,1,0.329,0,37.8,Moderate,7.0
2163,5.0,1000,2.163,1,Storm,2,0.98,0,100.0,High,60.0
1312,5.0,600,2.187,1,Rain,1,0.98,1,100.0,High,60.0
1976,5.0,850,2.325,0,Storm,2,0.98,0,100.0,High,60.0
689,5.0,850,0.811,1,Rain,1,0.467,0,87.2,High,22.2
1564,10.7,1200,1.303,0,Rain,1,0.854,0,94.8,High,35.7
1402,36.4,2000,0.701,1,Clear,0,0.545,0,63.2,Moderate,13.0
863,17.0,600,1.438,0,Rain,1,0.834,0,98.1,High,40.5
2500,21.2,1500,1.667,0,Clear,0,0.98,1,100.0,High,60.0
317,19.0,1200,0.264,1,Fog,3,0.253,0,66.3,Moderate,18.0
1053,20.7,1000,1.053,0,Clear,0,0.627,0,74.1,High,21.7
2114,38.8,2000,1.057,0,Rain,1,0.568,0,71.1,High,26.0
2500,5.0,850,2.941,1,Rain,1,0.98,1,100.0,High,60.0
1182,5.0,600,1.97,1,Clear,0,0.98,1,100.0,High,60.0
1285,48.2,1200,1.071,0,Clear,0,0.655,0,62.5,Moderate,19.5
1480,5.0,850,1.741,0,Clear,0,0.98,1,100.0,High,60.0
642,44.7,1500,0.428,0,Clear,0,0.287,0,35.1,Moderate,2.1
1020,38.6,2000,0.51,1,Clear,0,0.213,0,53.6,Moderate,6.5
928,38.4,850,1.092,0,Rain,1,0.684,0,72.8,High,25.5
1336,5.0,1500,0.891,0,Fog,3,0.516,0,88.8,High,23.8
1255,23.5,1000,1.255,0,Clear,0,0.931,1,96.9,High,41.5
1256,12.2,1000,1.256,0,Rain,1,0.816,0,92.0,High,35.7
884,8.4,850,1.04,0,Rain,1,0.605,0,84.0,High,25.3
824,68.4,1200,0.687,0,Clear,0,0.403,0,36.1,Moderate,9.5
411,44.0,1200,0.342,0,Storm,2,0.189,0,41.6,Moderate,11.2
1467,42.6,1500,0.978,0,Clear,0,0.683,0,60.8,Moderate,14.6
970,56.3,1200,0.808,0,Clear,0,0.507,0,47.0,Moderate,11.3
1829,32.9,1000,1.829,0,Clear,0,0.98,0,100.0,High,60.0
1255,13.9,1000,1.255,0,Clear,0,0.818,0,86.2,High,28.5
712,45.3,2000,0.356,1,Clear,0,0.22,0,43.6,Moderate,5.0
1089,30.8,1200,0.908,1,Clear,0,0.578,0,75.0,High,17.8
1310,51.3,1500,0.873,0,Clear,0,0.578,0,52.2,Moderate,13.3
1735,11.0,1200,1.446,0,Clear,0,0.977,0,96.1,High,40.2
1179,25.6,850,1.387,0,Clear,0,0.965,0,86.9,High,34.9
1058,40.0,1000,1.058,0,Clear,0,0.621,0,65.6,Moderate,21.3
1058,16.7,600,1.763,0,Clear,0,0.98,1,100.0,High,60.0
945,12.3,1500,0.63,0,Storm,2,0.345,0,68.8,Moderate,14.7
2034,5.0,1000,2.034,1,Clear,0,0.98,0,100.0,High,60.0
1234,41.6,2000,0.617,0,Rain,1,0.44,0,50.0,Moderate,10.0
305,52.9,850,0.359,0,Rain,1,0.169,1,48.4,Moderate,17.5
449,68.9,2000,0.224,1,Clear,0,0.209,0,27.1,Low,6.9
2500,26.1,1500,1.667,0,Clear,0,0.98,0,99.3,High,55.4
658,64.3,850,0.774,0,Clear,0,0.463,0,41.9,Moderate,9.8
1105,29.2,1200,0.921,0,Clear,0,0.602,1,79.3,High,26.4
1536,29.5,1000,1.536,0,Clear,0,0.98,0,91.8,High,43.9
2113,5.0,850,2.486,0,Clear,0,0.98,0,100.0,High,60.0
2500,18.2,2000,1.25,1,Rain,1,0.788,0,100.0,High,38.6
1021,24.1,1200,0.851,0,Clear,0,0.576,0,63.5,Moderate,10.1
1070,5.0,850,1.259,1,Clear,0,0.844,0,100.0,High,32.7
1224,58.8,2000,0.612,0,Clear,0,0.433,0,37.1,Moderate,5.8
1783,7.9,1000,1.783,0,Clear,0,0.98,0,100.0,High,60.0
951,26.1,1000,0.951,1,Rain,1,0.694,0,84.1,High,20.9
1422,20.9,1200,1.185,1,Clear,0,0.871,0,91.9,High,32.3
2101,5.0,1000,2.101,0,Clear,0,0.98,0,100.0,High,60.0
751,48.7,1000,0.751,0,Clear,0,0.531,0,47.9,Moderate,9.4
923,45.6,1200,0.769,1,Clear,0,0.517,0,62.1,Moderate,17.7
164,46.9,1000,0.164,1,Rain,1,0.173,0,39.3,Moderate,9.8
776,38.9,1000,0.776,0,Clear,0,0.471,0,53.4,Moderate,9.0
1034,49.4,1000,1.034,0,Clear,0,0.624,0,60.3,Moderate,18.6
461,49.2,1000,0.461,0,Clear,0,0.314,1,49.6,Moderate,16.6
628,35.4,1200,0.523,0,Rain,1,0.392,1,63.6,Moderate,18.6
1425,24.2,850,1.676,0,Clear,0,0.98,0,100.0,High,54.8
1233,39.6,2000,0.616,0,Rain,1,0.386,0,50.9,Moderate,10.0
1518,5.0,1000,1.518,1,Clear,0,0.98,0,100.0,High,50.0
2500,5.0,1000,2.5,0,Clear,0,0.98,0,100.0,High,60.0
449,68.4,1200,0.374,0,Clear,0,0.18,1,37.1,Moderate,12.9
933,54.7,2000,0.466,0,Rain,1,0.382,1,52.4,Moderate,16.8
1702,5.0,1000,1.702,1,Clear,0,0.98,0,100.0,High,60.0
861,37.7,1000,0.861,0,Clear,0,0.525,0,57.8,Moderate,12.7
2500,5.0,1200,2.083,0,Fog,3,0.98,1,100.0,High,60.0
118,67.7,2000,0.059,0,Clear,0,0.039,0,8.2,Low,0.0
2500,5.0,850,2.941,0,Clear,0,0.98,0,100.0,High,60.0
363,63.8,1000,0.363,1,Clear,0,0.286,0,35.6,Moderate,7.9
2045,5.0,850,2.406,0,Rain,1,0.98,0,100.0,High,60.0
1535,5.0,1000,1.535,1,Clear,0,0.881,1,100.0,High,60.0
2500,5.0,1200,2.083,1,Clear,0,0.98,0,100.0,High,60.0
443,54.9,1500,0.295,0,Clear,0,0.164,0,24.6,Low,0.6
654,33.8,600,1.09,0,Clear,0,0.689,0,69.8,Moderate,21.1
2500,5.0,1000,2.5,1,Clear,0,0.98,0,100.0,High,60.0
1501,29.5,850,1.766,0,Clear,0,0.98,1,100.0,High,60.0
1294,38.8,850,1.522,0,Clear,0,0.98,1,100.0,High,56.9
1201,37.8,1000,1.201,0,Clear,0,0.764,0,73.1,High,26.0
1460,5.0,600,2.433,0,Clear,0,0.98,1,100.0,High,60.0
1278,36.3,1000,1.278,0,Clear,0,0.917,0,77.2,High,31.4
1697,5.0,1200,1.414,0,Fog,3,0.98,1,100.0,High,60.0
2313,5.0,1000,2.313,1,Clear,0,0.98,0,100.0,High,60.0
1130,17.7,1200,0.942,1,Rain,1,0.617,0,87.4,High,21.7
1011,28.0,1200,0.842,1,Rain,1,0.493,1,93.3,High,35.7
2500,5.0,2000,1.25,1,Clear,0,0.803,0,100.0,High,34.9
2003,38.7,1500,1.335,0,Clear,0,0.804,0,78.7,High,33.9
1169,18.2,1500,0.779,0,Fog,3,0.441,1,92.9,High,33.6
828,17.9,1000,0.828,0,Rain,1,0.594,1,85.2,High,27.1
1325,31.8,1000,1.325,0,Clear,0,0.9,1,96.3,High,45.5
593,34.4,850,0.698,1,Clear,0,0.446,0,63.9,Moderate,13.9
1205,22.5,1500,0.803,0,Storm,2,0.534,0,72.0,High,20.4
758,59.8,1000,0.758,0,Clear,0,0.458,0,43.2,Moderate,8.3
1599,5.0,600,2.665,0,Clear,0,0.98,0,100.0,High,60.0
269,50.1,600,0.448,1,Clear,0,0.292,0,45.6,Moderate,8.5
2500,5.0,850,2.941,1,Clear,0,0.98,0,100.0,High,60.0
2500,5.0,600,4.167,1,Rain,1,0.98,1,100.0,High,60.0
1870,5.0,1000,1.87,1,Fog,3,0.98,1,100.0,High,60.0
1114,7.9,600,1.857,1,Clear,0,0.98,0,100.0,High,60.0
864,20.2,1200,0.72,1,Clear,0,0.494,0,71.3,High,10.3
1503,5.0,850,1.768,0,Rain,1,0.98,1,100.0,High,60.0
1154,32.1,1200,0.962,0,Rain,1,0.606,0,69.8,Moderate,20.1
342,38.1,1200,0.285,0,Rain,1,0.18,0,36.7,Moderate,3.1
1911,31.7,1500,1.274,0,Clear,0,0.778,1,94.1,High,44.6
1807,5.0,1000,1.807,1,Clear,0,0.98,1,100.0,High,60.0
1987,5.0,1000,1.987,1,Rain,1,0.98,1,100.0,High,60.0
1080,44.0,1000,1.08,0,Clear,0,0.687,0,64.8,Moderate,20.8
1616,5.0,850,1.901,0,Clear,0,0.98,0,100.0,High,60.0
525,65.2,1000,0.525,0,Clear,0,0.359,0,30.3,Low,2.2
1984,5.0,600,3.307,0,Fog,3,0.98,0,100.0,High,60.0
1310,31.5,2000,0.655,0,Rain,1,0.489,0,56.3,Moderate,9.8
918,17.2,2000,0.459,0,Storm,2,0.27,0,58.9,Moderate,11.2
1051,23.2,2000,0.526,1,Fog,3,0.354,0,76.2,High,16.6
1350,5.0,600,2.25,1,Clear,0,0.98,0,100.0,High,60.0
2088,5.0,850,2.456,0,Clear,0,0.98,0,100.0,High,60.0
2500,5.0,1500,1.667,0,Clear,0,0.98,0,100.0,High,53.5
813,12.3,1000,0.813,1,Clear,0,0.591,0,79.0,High,14.9
1386,5.0,600,2.31,1,Fog,3,0.98,0,100.0,High,60.0
1393,5.0,1000,1.393,1,Clear,0,0.904,0,100.0,High,40.7
2500,5.0,1000,2.5,1,Clear,0,0.98,0,100.0,High,60.0
1745,25.3,1200,1.454,0,Clear,0,0.947,0,90.0,High,43.0
1754,5.0,600,2.923,0,Rain,1,0.98,1,100.0,High,60.0
849,51.5,2000,0.424,0,Clear,0,0.198,0,31.9,Low,6.5
434,43.6,600,0.723,0,Clear,0,0.406,0,48.9,Moderate,12.3
450,52.9,1000,0.45,0,Clear,0,0.303,0,32.4,Low,4.5
499,29.0,600,0.832,0,Rain,1,0.493,0,65.4,Moderate,14.6
1966,5.0,1000,1.966,1,Clear,0,0.98,1,100.0,High,60.0
1891,5.0,1500,1.261,1,Rain,1,0.852,1,100.0,High,48.5
2500,5.0,1500,1.667,1,Storm,2,0.98,0,100.0,High,60.0
2500,5.0,1000,2.5,0,Clear,0,0.98,0,100.0,High,60.0
1019,5.0,850,1.199,1,Storm,2,0.81,0,100.0,High,35.8
1739,5.0,850,2.046,0,Clear,0,0.98,0,100.0,High,60.0
2268,5.0,850,2.668,0,Fog,3,0.98,0,100.0,High,60.0
1356,28.8,1000,1.356,0,Clear,0,0.854,0,84.1,High,34.0
275,64.5,850,0.324,0,Clear,0,0.284,0,21.5,Low,1.2
1238,10.7,1000,1.238,1,Clear,0,0.867,0,98.9,High,32.1
1171,34.9,2000,0.586,0,Clear,0,0.41,0,46.6,Moderate,5.8
2500,5.0,850,2.941,0,Clear,0,0.98,1,100.0,High,60.0
689,54.7,1000,0.689,0,Clear,0,0.41,0,42.4,Moderate,7.0
497,58.2,1200,0.414,0,Clear,0,0.221,0,28.5,Low,3.1
1809,5.0,1000,1.809,0,Clear,0,0.98,0,100.0,High,60.0
1458,5.0,1000,1.458,1,Clear,0,0.98,0,100.0,High,44.5
1177,5.0,600,1.962,0,Fog,3,0.98,0,100.0,High,60.0
1059,15.6,850,1.246,0,Fog,3,0.75,1,100.0,High,50.9
1771,5.0,1000,1.771,1,Storm,2,0.98,0,100.0,High,60.0
1023,5.0,600,1.705,1,Fog,3,0.98,1,100.0,High,60.0
1461,35.3,1500,0.974,0,Clear,0,0.651,0,63.9,Moderate,17.5
565,34.6,1500,0.377,1,Fog,3,0.238,0,64.4,Moderate,19.0
2277,5.0,600,3.795,1,Clear,0,0.98,0,100.0,High,60.0
725,40.6,600,1.208,0,Clear,0,0.742,0,72.1,High,26.9
1089,6.3,1200,0.908,0,Storm,2,0.587,0,84.0,High,22.1
2015,17.7,1200,1.679,0,Clear,0,0.98,0,100.0,High,56.9
1503,5.0,600,2.505,0,Clear,0,0.98,0,100.0,High,60.0
625,28.4,850,0.735,1,Clear,0,0.481,0,68.3,Moderate,12.7
853,33.3,850,1.004,1,Clear,0,0.657,0,78.2,High,24.1
1992,7.6,1000,1.992,0,Clear,0,0.98,1,100.0,High,60.0
1309,32.3,1000,1.309,0,Clear,0,0.836,0,80.4,High,32.6
1418,5.0,850,1.668,1,Clear,0,0.98,0,100.0,High,60.0
874,71.2,1000,0.874,0,Clear,0,0.566,0,43.3,Moderate,15.7
1087,55.1,2000,0.544,1,Clear,0,0.391,0,47.7,Moderate,8.7
155,55.0,1000,0.155,0,Rain,1,0.09,0,23.2,Low,4.9
1195,26.7,1200,0.996,0,Clear,0,0.692,0,68.8,Moderate,16.6
824,42.5,1000,0.824,0,Clear,0,0.515,1,69.0,Moderate,23.3
1242,5.0,600,2.07,1,Clear,0,0.98,1,100.0,High,60.0
1325,24.0,850,1.559,0,Clear,0,0.98,0,95.3,High,47.6
2195,5.0,1000,2.195,1,Clear,0,0.98,1,100.0,High,60.0
839,39.0,1500,0.559,0,Clear,0,0.266,0,43.6,Moderate,4.3
1338,31.5,850,1.574,0,Clear,0,0.918,0,92.6,High,49.6
1039,24.0,1000,1.039,1,Fog,3,0.675,1,100.0,High,48.0
1116,25.8,1200,0.93,1,Rain,1,0.573,1,98.2,High,37.4
939,52.1,2000,0.47,0,Clear,0,0.276,1,48.7,Moderate,16.0
2016,5.0,1000,2.016,1,Rain,1,0.98,1,100.0,High,60.0
2043,5.0,1000,2.043,1,Clear,0,0.98,0,100.0,High,60.0
392,35.4,1200,0.327,1,Clear,0,0.189,0,46.8,Moderate,5.4
2163,5.0,850,2.545,0,Clear,0,0.98,0,100.0,High,60.0
1089,5.0,1000,1.089,1,Fog,3,0.716,0,100.0,High,35.7
737,48.0,1000,0.737,0,Clear,0,0.474,0,47.6,Moderate,7.6
1140,48.8,1000,1.14,0,Clear,0,0.741,0,65.3,Moderate,23.5
2500,5.0,850,2.941,0,Rain,1,0.98,1,100.0,High,60.0
719,47.7,850,0.846,0,Clear,0,0.548,1,67.6,Moderate,25.1
343,43.9,1000,0.343,0,Clear,0,0.206,0,31.7,Low,0.0
1324,5.0,600,2.207,0,Storm,2,0.98,0,100.0,High,60.0
1024,12.2,1000,1.024,0,Rain,1,0.697,0,81.6,High,21.0
679,62.3,2000,0.34,0,Clear,0,0.29,0,23.2,Low,1.4
690,9.2,1000,0.69,0,Fog,3,0.376,0,77.9,High,18.3
650,32.9,600,1.083,0,Clear,0,0.722,1,85.0,High,31.4
568,60.5,1000,0.568,0,Clear,0,0.43,0,34.3,Low,5.3
836,31.2,850,0.984,1,Clear,0,0.684,0,78.2,High,20.6
721,29.9,1000,0.721,0,Rain,1,0.402,0,60.0,Moderate,13.0
875,60.3,2000,0.438,0,Clear,0,0.263,1,43.6,Moderate,12.5
893,78.2,2000,0.446,0,Clear,0,0.314,0,20.9,Low,3.0
2150,5.0,1000,2.15,0,Clear,0,0.98,1,100.0,High,60.0
1425,5.0,2000,0.712,1,Rain,1,0.462,0,82.8,High,14.7
1672,5.0,600,2.787,0,Clear,0,0.98,1,100.0,High,60.0
1101,40.8,850,1.295,0,Clear,0,0.956,0,75.9,High,32.0
680,38.1,850,0.8,1,Clear,0,0.576,0,66.8,Moderate,15.6
553,24.9,600,0.922,0,Rain,1,0.684,0,71.3,High,16.3
438,39.3,1200,0.365,1,Clear,0,0.248,0,46.7,Moderate,7.3
330,50.0,1000,0.33,0,Rain,1,0.225,0,33.4,Low,4.4
772,48.5,1000,0.772,0,Clear,0,0.548,0,48.9,Moderate,10.1
1227,31.3,850,1.444,0,Clear,0,0.868,0,86.9,High,39.0
1004,43.9,1200,0.837,0,Fog,3,0.56,0,68.9,Moderate,23.1
1072,5.0,600,1.787,1,Clear,0,0.98,1,100.0,High,60.0
566,19.8,850,0.666,1,Rain,1,0.535,0,74.1,High,17.0
505,36.3,2000,0.252,1,Rain,1,0.189,0,48.0,Moderate,8.4
810,5.7,600,1.35,0,Clear,0,0.951,0,94.2,High,37.6
1391,5.0,850,1.636,0,Clear,0,0.98,0,100.0,High,55.2
810,56.8,2000,0.405,1,Clear,0,0.251,0,40.7,Moderate,6.6
1466,16.8,1500,0.977,1,Clear,0,0.591,1,99.4,High,34.5
808,47.8,1200,0.673,0,Clear,0,0.405,0,44.8,Moderate,10.1
440,83.2,2000,0.22,0,Clear,0,0.117,0,8.4,Low,1.0
1623,5.0,850,1.909,0,Rain,1,0.98,0,100.0,High,60.0
2210,5.0,1000,2.21,0,Rain,1,0.98,0,100.0,High,60.0
251,64.7,850,0.295,0,Clear,0,0.145,0,20.2,Low,0.0
611,65.0,1200,0.509,0,Clear,0,0.33,0,29.7,Low,1.0
1462,31.7,1500,0.975,0,Fog,3,0.679,0,80.6,High,28.4
1507,14.8,1500,1.005,1,Clear,0,0.619,0,86.6,High,23.5
550,47.9,1000,0.55,0,Clear,0,0.36,0,39.2,Moderate,8.0
405,70.2,1200,0.338,0,Clear,0,0.318,0,19.6,Low,4.0
405,62.2,2000,0.202,0,Clear,0,0.104,0,17.1,Low,0.0
687,51.2,1200,0.572,0,Clear,0,0.387,0,38.7,Moderate,6.0
1585,23.1,1500,1.057,0,Rain,1,0.699,1,93.1,High,37.8
761,57.0,1200,0.634,0,Clear,0,0.413,0,38.9,Moderate,5.7
1065,21.9,1000,1.065,0,Clear,0,0.557,0,74.1,High,22.9
1464,60.2,2000,0.732,0,Clear,0,0.507,0,41.8,Moderate,6.5
426,33.0,1500,0.284,1,Rain,1,0.099,1,65.9,Moderate,20.8
1202,19.1,850,1.414,0,Clear,0,0.897,0,91.1,High,37.6
1882,5.0,600,3.137,0,Clear,0,0.98,0,100.0,High,60.0
1687,5.0,1000,1.687,0,Rain,1,0.98,1,100.0,High,60.0
1418,6.4,850,1.668,1,Clear,0,0.98,0,100.0,High,60.0
1387,9.5,1000,1.387,1,Clear,0,0.98,1,100.0,High,55.1
1090,13.2,1500,0.727,0,Rain,1,0.525,0,67.8,Moderate,11.6
905,5.0,600,1.508,1,Rain,1,0.98,0,100.0,High,52.2
1311,18.8,850,1.542,0,Fog,3,0.968,1,100.0,High,60.0
475,46.8,850,0.559,0,Clear,0,0.292,1,55.1,Moderate,16.2
1353,53.3,1500,0.902,0,Clear,0,0.591,0,52.6,Moderate,12.9
1179,5.0,600,1.965,1,Clear,0,0.98,0,100.0,High,60.0
196,33.3,1000,0.196,1,Rain,1,0.026,0,46.8,Moderate,11.7
1299,5.0,600,2.165,0,Rain,1,0.98,0,100.0,High,60.0
1297,23.8,1200,1.081,0,Clear,0,0.66,0,73.9,High,22.3
705,51.8,1200,0.588,1,Clear,0,0.381,0,51.1,Moderate,9.7
769,29.4,850,0.905,0,Fog,3,0.541,1,93.5,High,36.7
2500,5.0,850,2.941,0,Fog,3,0.98,0,100.0,High,60.0
1136,33.1,850,1.336,0,Clear,0,0.868,0,81.3,High,35.1
1514,18.2,1000,1.514,1,Clear,0,0.98,0,100.0,High,47.9
1531,5.0,600,2.552,0,Rain,1,0.98,1,100.0,High,60.0
597,33.6,850,0.702,0,Rain,1,0.406,0,57.5,Moderate,11.8
715,49.2,1000,0.715,1,Clear,0,0.437,0,58.0,Moderate,14.7
1471,28.7,1200,1.226,1,Clear,0,0.801,0,90.3,High,34.5
676,50.6,850,0.795,0,Clear,0,0.458,0,49.0,Moderate,10.6
1406,20.0,850,1.654,0,Rain,1,0.98,0,100.0,High,58.3
1343,5.0,1200,1.119,1,Storm,2,0.739,0,100.0,High,38.0
570,58.8,850,0.671,0,Clear,0,0.418,0,39.7,Moderate,7.6
1375,5.0,1200,1.146,0,Storm,2,0.85,1,100.0,High,42.9
792,36.7,1000,0.792,1,Clear,0,0.573,0,67.1,Moderate,14.4
1584,24.4,1000,1.584,0,Fog,3,0.98,0,100.0,High,59.7
877,39.1,1000,0.877,0,Clear,0,0.442,0,57.9,Moderate,14.5
729,5.0,600,1.215,1,Rain,1,0.713,0,100.0,High,36.0
2500,33.0,2000,1.25,0,Clear,0,0.818,0,77.4,High,28.7
721,43.5,1000,0.721,0,Clear,0,0.471,0,48.9,Moderate,9.2
365,51.3,1000,0.365,0,Clear,0,0.273,0,29.3,Low,2.8
457,46.2,600,0.762,0,Clear,0,0.531,0,49.5,Moderate,10.5
475,27.1,1000,0.475,1,Clear,0,0.31,0,57.2,Moderate,8.2
342,56.2,1200,0.285,0,Clear,0,0.159,0,23.5,Low,0.0
1274,19.4,850,1.499,0,Rain,1,0.958,0,99.7,High,49.7
546,37.7,1200,0.455,0,Rain,1,0.349,0,44.5,Moderate,4.5
1096,25.7,1200,0.913,1,Clear,0,0.582,0,77.5,High,19.5
646,49.1,1200,0.538,0,Clear,0,0.293,0,38.1,Moderate,3.6
2500,20.8,2000,1.25,0,Clear,0,0.772,0,82.9,High,30.0
304,40.0,1000,0.304,1,Clear,0,0.123,0,43.7,Moderate,5.8
957,7.1,1000,0.957,1,Clear,0,0.719,0,87.9,High,23.1
891,5.0,600,1.485,1,Clear,0,0.962,0,100.0,High,47.5
2500,5.0,850,2.941,0,Clear,0,0.98,1,100.0,High,60.0
716,37.1,1200,0.597,0,Clear,0,0.34,0,46.1,Moderate,5.2
1229,17.9,1000,1.229,0,Fog,3,0.738,1,100.0,High,50.3
2500,5.0,1000,2.5,1,Fog,3,0.98,0,100.0,High,60.0
1621,9.3,1200,1.351,1,Clear,0,0.896,1,100.0,High,51.1
2003,5.0,1000,2.003,1,Rain,1,0.98,0,100.0,High,60.0
819,43.9,1000,0.819,0,Clear,0,0.481,0,53.1,Moderate,13.5
296,42.9,600,0.493,0,Clear,0,0.259,0,38.9,Moderate,4.3
1089,27.2,850,1.281,0,Clear,0,0.753,0,81.4,High,33.0
2500,5.0,1000,2.5,0,Clear,0,0.98,0,100.0,High,60.0
1016,44.7,1000,1.016,1,Clear,0,0.661,0,73.6,High,23.2
711,39.8,1000,0.711,0,Clear,0,0.374,0,50.1,Moderate,9.5
999,14.4,850,1.175,1,Clear,0,0.879,0,94.4,High,31.9
1915,14.9,1500,1.277,0,Rain,1,0.887,0,91.7,High,35.0
370,52.7,1200,0.308,1,Clear,0,0.175,0,38.1,Moderate,2.6
931,46.6,2000,0.466,0,Clear,0,0.277,0,36.0,Moderate,3.0
661,63.8,2000,0.33,0,Clear,0,0.184,0,22.1,Low,1.2
896,37.2,1200,0.747,1,Clear,0,0.365,0,64.9,Moderate,15.1
721,65.6,1000,0.721,0,Clear,0,0.482,0,38.9,Moderate,10.4
178,44.1,1000,0.178,1,Rain,1,0.077,0,41.2,Moderate,8.9
1057,5.0,600,1.762,1,Clear,0,0.98,0,100.0,High,60.0
644,34.1,850,0.758,0,Rain,1,0.452,1,74.8,High,24.1
1357,5.0,850,1.596,1,Fog,3,0.98,0,100.0,High,60.0
1168,39.8,850,1.374,0,Clear,0,0.92,0,79.9,High,34.9
609,47.0,850,0.716,0,Clear,0,0.536,0,47.1,Moderate,4.3
1087,5.0,1000,1.087,1,Clear,0,0.712,1,100.0,High,38.8
436,73.1,1000,0.436,0,Clear,0,0.23,0,22.7,Low,3.6
1432,44.0,1500,0.955,0,Clear,0,0.609,0,59.2,Moderate,14.8
1044,38.1,1000,1.044,1,Clear,0,0.685,0,77.8,High,24.9
268,63.1,1000,0.268,1,Clear,0,0.235,1,46.6,Moderate,17.2
2500,5.0,1000,2.5,0,Clear,0,0.98,0,100.0,High,60.0
455,54.4,1500,0.303,0,Clear,0,0.171,0,25.2,Low,1.6
1961,5.0,1200,1.634,1,Rain,1,0.98,1,100.0,High,60.0
812,34.1,850,0.955,1,Clear,0,0.631,0,75.6,High,21.2
1498,5.0,1000,1.498,1,Rain,1,0.971,0,100.0,High,52.5
1589,5.0,850,1.869,0,Clear,0,0.98,0,100.0,High,60.0
844,67.7,1200,0.703,0,Clear,0,0.439,0,37.2,Moderate,7.7
497,33.1,1000,0.497,0,Clear,0,0.337,1,58.5,Moderate,14.2
1375,16.3,1000,1.375,1,Clear,0,0.869,1,100.0,High,52.0
459,40.6,600,0.765,0,Clear,0,0.463,0,52.2,Moderate,7.8
2500,5.0,1500,1.667,1,Rain,1,0.98,0,100.0,High,60.0
1375,5.0,1000,1.375,1,Clear,0,0.866,1,100.0,High,53.5
2500,5.0,600,4.167,1,Clear,0,0.98,1,100.0,High,60.0
832,5.0,600,1.387,0,Rain,1,0.883,0,100.0,High,39.6
1326,5.0,1500,0.884,1,Storm,2,0.556,0,95.5,High,27.7
2495,5.0,1200,2.079,0,Clear,0,0.98,1,100.0,High,60.0
521,29.8,850,0.613,0,Rain,1,0.368,0,55.2,Moderate,8.1
601,34.8,1200,0.501,0,Rain,1,0.4,0,47.9,Moderate,7.7
1816,16.7,1000,1.816,0,Clear,0,0.98,0,100.0,High,60.0
622,45.2,1200,0.518,0,Clear,0,0.375,1,54.0,Moderate,14.0
1463,5.0,850,1.721,1,Rain,1,0.98,0,100.0,High,60.0
1005,11.1,600,1.675,0,Clear,0,0.98,0,100.0,High,53.5
1843,5.0,850,2.168,0,Clear,0,0.98,1,100.0,High,60.0
415,28.8,2000,0.208,1,Clear,0,0.078,0,44.4,Moderate,7.7
1288,5.0,850,1.515,0,Clear,0,0.98,1,100.0,High,55.3
951,37.6,2000,0.476,1,Clear,0,0.286,1,67.5,Moderate,20.2
1519,5.0,1000,1.519,0,Clear,0,0.976,0,100.0,High,45.9
1142,5.0,1000,1.142,0,Storm,2,0.68,0,95.1,High,35.5
1119,36.8,2000,0.56,0,Clear,0,0.376,0,44.6,Moderate,2.0
406,55.1,850,0.478,1,Clear,0,0.191,0,44.7,Moderate,6.2
2144,24.3,1200,1.787,0,Clear,0,0.98,1,100.0,High,60.0
474,41.6,850,0.558,0,Clear,0,0.382,0,42.4,Moderate,5.1
1835,17.6,1500,1.223,1,Clear,0,0.77,0,95.1,High,32.5
1328,5.0,600,2.213,0,Clear,0,0.98,0,100.0,High,60.0
1379,53.2,1200,1.149,0,Clear,0,0.747,0,63.8,Moderate,22.6
635,28.1,850,0.747,1,Clear,0,0.508,0,69.0,Moderate,14.4
1135,22.3,1000,1.135,0,Fog,3,0.72,0,92.1,High,34.0
2007,5.5,1500,1.338,1,Clear,0,0.866,0,100.0,High,40.5
593,6.8,1200,0.494,1,Storm,2,0.403,0,77.2,High,14.4
289,51.2,2000,0.144,0,Clear,0,0.228,0,19.5,Low,1.7
1712,49.4,1500,1.141,0,Clear,0,0.663,0,65.1,Moderate,24.3
616,19.0,1000,0.616,1,Rain,1,0.32,1,87.1,High,30.1
921,30.3,1000,0.921,0,Clear,0,0.568,0,63.8,Moderate,13.7
2500,5.0,1200,2.083,1,Storm,2,0.98,0,100.0,High,60.0
1438,21.1,850,1.692,0,Clear,0,0.98,1,100.0,High,60.0
186,41.0,1000,0.186,0,Rain,1,0.045,0,30.9,Low,4.1
2331,5.2,1500,1.554,1,Clear,0,0.98,0,100.0,High,51.3
1656,5.0,850,1.948,0,Fog,3,0.98,0,100.0,High,60.0
932,5.0,600,1.553,1,Clear,0,0.98,1,100.0,High,60.0
403,60.1,2000,0.202,1,Clear,0,0.166,0,30.0,Low,2.7
2097,5.0,850,2.467,0,Clear,0,0.98,1,100.0,High,60.0
1018,29.3,850,1.198,0,Rain,1,0.807,1,96.7,High,42.7
942,31.1,1000,0.942,1,Clear,0,0.602,0,76.4,High,22.6
1837,15.6,1500,1.225,1,Clear,0,0.771,0,96.1,High,34.2
1466,5.0,1000,1.466,0,Fog,3,0.86,0,100.0,High,54.3
978,41.1,1200,0.815,0,Clear,0,0.566,0,54.2,Moderate,9.6
670,59.8,1200,0.558,0,Clear,0,0.367,0,34.2,Low,5.3
782,26.2,1000,0.782,1,Rain,1,0.529,0,76.4,High,18.1
1207,5.0,600,2.012,1,Clear,0,0.98,0,100.0,High,60.0
679,32.6,2000,0.34,1,Clear,0,0.202,0,48.6,Moderate,8.3
1648,5.0,2000,0.824,1,Storm,2,0.568,0,92.8,High,23.5
1281,5.0,1000,1.281,1,Fog,3,0.822,0,100.0,High,47.1
2254,5.0,850,2.652,0,Clear,0,0.98,1,100.0,High,60.0
592,53.3,1200,0.493,0,Clear,0,0.303,0,34.2,Low,4.1
1292,5.0,600,2.153,0,Rain,1,0.98,1,100.0,High,60.0
270,47.7,1000,0.27,0,Clear,0,0.2,0,26.7,Low,3.5
2302,10.1,1000,2.302,0,Clear,0,0.98,1,100.0,High,60.0
809,50.6,600,1.348,0,Clear,0,0.845,1,88.9,High,48.4
969,47.5,850,1.14,0,Clear,0,0.824,0,65.9,Moderate,26.7
1065,26.1,850,1.253,0,Clear,0,0.739,0,80.6,High,29.6
730,47.8,1200,0.608,0,Clear,0,0.35,0,41.9,Moderate,6.5
985,20.4,1200,0.821,1,Clear,0,0.542,1,90.7,High,28.7
1319,5.0,600,2.198,0,Clear,0,0.98,1,100.0,High,60.0
1005,48.3,1000,1.005,0,Clear,0,0.621,0,59.5,Moderate,16.0
1009,20.3,850,1.187,0,Clear,0,0.796,0,80.3,High,27.0
1595,23.5,2000,0.798,0,Clear,0,0.508,0,61.3,Moderate,10.8
1092,5.0,600,1.82,1,Clear,0,0.98,0,100.0,High,60.0
801,68.0,1000,0.801,0,Clear,0,0.507,0,41.5,Moderate,9.0
396,45.3,850,0.466,0,Rain,1,0.296,0,41.6,Moderate,5.7
802,39.6,2000,0.401,1,Clear,0,0.192,0,48.2,Moderate,10.6
2001,28.2,1500,1.334,0,Clear,0,0.895,1,98.3,High,45.7
1592,5.0,1000,1.592,1,Clear,0,0.98,0,100.0,High,58.8
826,42.0,1000,0.826,0,Clear,0,0.495,0,54.3,Moderate,12.6
1142,5.0,600,1.903,1,Clear,0,0.98,1,100.0,High,60.0
2500,5.0,1000,2.5,1,Clear,0,0.98,1,100.0,High,60.0
822,5.0,1000,0.822,1,Storm,2,0.56,0,92.7,High,25.2
662,56.3,1000,0.662,0,Rain,1,0.483,0,45.4,Moderate,12.3
634,12.8,600,1.057,0,Fog,3,0.615,0,92.8,High,29.1
1730,5.0,850,2.035,1,Fog,3,0.98,1,100.0,High,60.0
718,47.7,850,0.845,0,Clear,0,0.584,0,52.6,Moderate,11.1
1542,11.1,1200,1.285,1,Clear,0,0.823,0,100.0,High,36.1
2338,5.0,850,2.751,0,Clear,0,0.98,1,100.0,High,60.0
1652,27.9,1200,1.377,0,Clear,0,0.899,0,85.4,High,34.7
865,37.8,1000,0.865,0,Clear,0,0.601,0,57.9,Moderate,13.9
2214,5.0,850,2.605,0,Clear,0,0.98,1,100.0,High,60.0
986,18.2,1000,0.986,0,Clear,0,0.755,0,72.2,High,20.0
690,15.5,1500,0.46,1,Rain,1,0.238,1,81.7,High,24.1
1335,19.1,1000,1.335,0,Clear,0,0.817,0,87.5,High,34.9
1165,35.2,1000,1.165,0,Rain,1,0.756,0,77.6,High,27.8
1490,18.9,1500,0.993,1,Clear,0,0.671,0,84.2,High,22.8
1543,18.5,850,1.815,0,Rain,1,0.98,0,100.0,High,60.0
2500,5.0,600,4.167,0,Rain,1,0.98,1,100.0,High,60.0
2004,5.0,850,2.358,0,Clear,0,0.98,0,100.0,High,60.0
482,48.4,1500,0.321,0,Clear,0,0.124,0,28.7,Low,3.1
342,52.5,1000,0.342,1,Clear,0,0.305,0,39.8,Moderate,5.1
2500,5.0,850,2.941,0,Rain,1,0.98,1,100.0,High,60.0
2008,5.0,1000,2.008,1,Clear,0,0.98,1,100.0,High,60.0
388,52.2,1200,0.323,0,Rain,1,0.255,0,32.1,Low,2.3
2454,5.0,1000,2.454,1,Clear,0,0.98,0,100.0,High,60.0
1914,5.0,1000,1.914,1,Clear,0,0.98,0,100.0,High,60.0
777,28.5,1000,0.777,1,Rain,1,0.422,0,75.1,High,16.8
1311,21.6,2000,0.656,0,Rain,1,0.344,1,75.8,High,22.5
418,40.7,1200,0.348,1,Fog,3,0.124,0,60.4,Moderate,14.1
501,29.0,1000,0.501,0,Fog,3,0.293,0,60.5,Moderate,13.1
1208,31.5,1500,0.805,1,Clear,0,0.469,0,70.0,High,15.9
1898,5.0,600,3.163,1,Clear,0,0.98,1,100.0,High,60.0
972,10.4,850,1.144,0,Clear,0,0.733,0,82.8,High,24.3
989,23.3,1000,0.989,1,Rain,1,0.671,0,87.0,High,25.4
1035,38.0,1200,0.862,0,Clear,0,0.605,0,57.7,Moderate,11.3
1010,30.0,1000,1.01,0,Clear,0,0.669,0,67.9,Moderate,17.0
2500,5.0,1200,2.083,1,Clear,0,0.98,1,100.0,High,60.0
1399,33.6,1200,1.166,1,Clear,0,0.752,0,85.3,High,30.9
365,57.2,1000,0.365,0,Clear,0,0.31,0,26.7,Low,0.3
1960,5.0,850,2.306,1,Clear,0,0.98,0,100.0,High,60.0
1418,28.8,1000,1.418,0,Clear,0,0.875,0,86.8,High,37.7
919,50.4,1000,0.919,0,Clear,0,0.66,1,69.7,Moderate,26.2
818,27.3,850,0.962,1,Clear,0,0.683,0,79.0,High,22.5
653,67.4,1500,0.435,0,Clear,0,0.208,0,25.3,Low,5.9
1149,49.2,1500,0.766,0,Clear,0,0.441,0,48.3,Moderate,9.4
676,44.6,1000,0.676,1,Clear,0,0.433,0,58.4,Moderate,12.4
1108,25.3,850,1.304,0,Clear,0,0.871,0,83.3,High,31.7
1831,10.4,1000,1.831,0,Rain,1,0.98,0,100.0,High,60.0
786,22.3,600,1.31,1,Clear,0,0.98,0,96.9,High,36.6
626,42.9,1500,0.417,0,Clear,0,0.37,0,35.5,Moderate,4.9
1766,5.0,850,2.078,0,Clear,0,0.98,1,100.0,High,60.0
227,52.2,850,0.267,1,Clear,0,0.154,0,36.5,Moderate,6.4
1593,31.4,1000,1.593,0,Clear,0,0.963,0,93.6,High,48.1
835,13.0,1000,0.835,1,Rain,1,0.568,0,84.7,High,18.3
2500,5.0,1000,2.5,0,Clear,0,0.98,0,100.0,High,60.0
763,15.5,1000,0.763,1,Clear,0,0.421,0,75.3,High,15.8
1504,34.7,1500,1.003,1,Clear,0,0.578,1,92.5,High,34.9
821,48.2,1500,0.547,0,Clear,0,0.433,1,53.9,Moderate,17.7
2500,5.0,600,4.167,1,Rain,1,0.98,1,100.0,High,60.0
1531,30.6,1000,1.531,0,Clear,0,0.98,1,100.0,High,55.0
926,28.2,1200,0.772,0,Rain,1,0.451,0,63.0,Moderate,13.6
540,48.1,1200,0.45,0,Clear,0,0.359,0,34.6,Low,3.0
1663,6.4,1000,1.663,1,Clear,0,0.98,1,100.0,High,60.0
396,26.7,1200,0.33,1,Fog,3,0.188,1,80.8,High,28.2
2360,5.0,1200,1.967,0,Clear,0,0.98,0,100.0,High,60.0
888,26.8,850,1.045,1,Clear,0,0.707,0,83.0,High,24.0
1057,17.9,850,1.244,1,Clear,0,0.807,0,95.9,High,34.6
1211,5.0,600,2.018,1,Clear,0,0.98,0,100.0,High,60.0
1557,5.0,1000,1.557,1,Clear,0,0.98,0,100.0,High,53.8
1091,17.7,1000,1.091,1,Clear,0,0.696,0,89.2,High,28.8
449,26.9,600,0.748,0,Clear,0,0.549,0,57.6,Moderate,9.9
1694,18.0,1000,1.694,0,Clear,0,0.98,0,100.0,High,56.6
1244,5.0,600,2.073,1,Clear,0,0.98,0,100.0,High,60.0
870,5.0,600,1.45,1,Rain,1,0.972,0,100.0,High,50.4
758,18.2,850,0.892,1,Clear,0,0.628,0,79.9,High,20.7
643,45.3,1000,0.643,1,Clear,0,0.436,0,56.6,Moderate,10.9
1592,19.2,1200,1.327,0,Clear,0,0.904,1,100.0,High,45.3
313,25.0,1000,0.313,1,Rain,1,0.195,0,55.9,Moderate,10.0
491,75.8,2000,0.246,0,Clear,0,0.141,0,13.0,Low,2.4
1974,5.0,850,2.322,0,Clear,0,0.98,1,100.0,High,60.0
2366,5.0,1000,2.366,0,Clear,0,0.98,0,100.0,High,60.0
513,47.3,1000,0.513,1,Clear,0,0.371,0,49.8,Moderate,9.4
607,23.9,850,0.714,0,Rain,1,0.535,0,62.4,Moderate,9.1
1168,17.6,850,1.374,0,Clear,0,0.877,0,89.9,High,34.6
1469,26.1,1200,1.224,1,Clear,0,0.748,0,91.4,High,33.0
550,64.9,1500,0.367,0,Clear,0,0.231,0,23.3,Low,3.6
329,59.2,1000,0.329,1,Clear,0,0.211,0,36.2,Moderate,5.1
1924,5.0,1000,1.924,0,Clear,0,0.98,1,100.0,High,60.0
1222,30.1,2000,0.611,0,Rain,1,0.36,1,70.0,Moderate,22.4
270,68.9,1200,0.225,0,Rain,1,0.111,0,20.1,Low,6.0
922,34.3,850,1.085,0,Fog,3,0.663,1,99.4,High,45.5
1147,28.4,2000,0.574,0,Rain,1,0.267,1,69.0,Moderate,20.5
1550,5.0,1200,1.292,1,Clear,0,0.843,0,100.0,High,35.7
454,43.5,850,0.534,0,Clear,0,0.249,0,40.5,Moderate,5.0
428,28.8,850,0.504,1,Clear,0,0.304,0,57.7,Moderate,10.9
2036,24.6,1200,1.697,0,Clear,0,0.98,0,100.0,High,55.5
431,77.2,1500,0.287,0,Clear,0,0.195,0,14.2,Low,1.5
1567,5.0,1000,1.567,1,Storm,2,0.98,1,100.0,High,60.0
288,72.5,1000,0.288,0,Clear,0,0.249,0,16.3,Low,1.0
624,19.0,850,0.734,1,Clear,0,0.485,0,72.5,High,14.0
1350,9.7,1200,1.125,1,Clear,0,0.738,0,94.3,High,26.9
1565,23.1,1000,1.565,0,Clear,0,0.98,0,96.0,High,47.8
1603,5.0,1000,1.603,0,Rain,1,0.98,0,100.0,High,55.6
1933,5.0,600,3.222,1,Rain,1,0.98,0,100.0,High,60.0
792,41.5,1200,0.66,0,Clear,0,0.413,0,47.0,Moderate,7.5
1794,9.1,1000,1.794,0,Clear,0,0.98,0,100.0,High,60.0
496,76.8,1000,0.496,0,Clear,0,0.264,0,23.8,Low,3.9
660,44.6,2000,0.33,0,Rain,1,0.219,0,35.8,Moderate,7.0
2217,5.0,1000,2.217,0,Rain,1,0.98,0,100.0,High,60.0
982,10.8,2000,0.491,1,Rain,1,0.305,0,70.2,High,12.7
787,58.0,1200,0.656,0,Clear,0,0.366,0,39.4,Moderate,3.7
558,38.1,850,0.656,0,Clear,0,0.464,0,48.4,Moderate,6.6
746,27.3,1000,0.746,1,Rain,1,0.545,0,74.3,High,17.7
461,82.4,1200,0.384,0,Clear,0,0.234,0,16.2,Low,3.7
688,43.3,1200,0.573,0,Clear,0,0.342,0,42.3,Moderate,5.7
1439,12.8,850,1.693,0,Rain,1,0.98,0,100.0,High,60.0
1968,5.0,850,2.315,0,Clear,0,0.98,0,100.0,High,60.0
1648,5.0,600,2.747,0,Fog,3,0.98,1,100.0,High,60.0
1170,15.2,1200,0.975,1,Clear,0,0.587,0,85.0,High,24.6
896,32.0,1000,0.896,0,Clear,0,0.627,0,61.9,Moderate,14.4
886,39.5,1200,0.738,0,Clear,0,0.521,0,51.4,Moderate,9.7
1509,18.9,1500,1.006,0,Rain,1,0.646,1,92.8,High,35.4
809,24.5,1200,0.674,1,Clear,0,0.459,0,67.3,Moderate,11.3
1691,8.6,1000,1.691,0,Clear,0,0.98,1,100.0,High,60.0
752,53.8,1000,0.752,0,Clear,0,0.482,1,60.6,Moderate,22.3
618,5.0,850,0.727,1,Rain,1,0.495,0,83.5,High,17.5
607,38.2,1200,0.506,0,Clear,0,0.299,0,41.6,Moderate,5.0
1210,16.2,1000,1.21,0,Clear,0,0.792,0,83.2,High,26.8
2500,5.0,600,4.167,0,Clear,0,0.98,1,100.0,High,60.0
1047,47.5,1200,0.872,0,Clear,0,0.5,0,53.9,Moderate,12.4
1190,47.2,1200,0.992,0,Clear,0,0.65,0,59.4,Moderate,17.7
2355,5.0,600,3.925,0,Clear,0,0.98,1,100.0,High,60.0
1330,19.3,2000,0.665,1,Clear,0,0.381,0,69.2,Moderate,12.0
2286,5.0,600,3.81,0,Clear,0,0.98,0,100.0,High,60.0
1066,32.3,850,1.254,0,Clear,0,0.809,0,77.9,High,29.0
677,38.0,1200,0.564,0,Rain,1,0.346,0,49.3,Moderate,10.5
349,57.3,1200,0.291,0,Clear,0,0.15,0,23.3,Low,3.4
927,18.9,1000,0.927,0,Rain,1,0.602,1,89.2,High,30.8
1290,26.9,1200,1.075,0,Clear,0,0.75,0,72.3,High,20.8
1694,7.9,1000,1.694,0,Rain,1,0.98,0,100.0,High,59.9
815,31.8,1000,0.815,0,Storm,2,0.524,0,68.3,Moderate,20.8
741,41.0,2000,0.37,1,Clear,0,0.288,0,46.2,Moderate,7.2
1240,9.4,1200,1.033,0,Rain,1,0.801,0,83.3,High,23.7
2500,5.0,1000,2.5,0,Clear,0,0.98,1,100.0,High,60.0
1587,28.8,850,1.867,0,Clear,0,0.98,1,100.0,High,60.0
292,23.9,1000,0.292,1,Clear,0,0.231,0,50.4,Moderate,6.1
904,50.4,2000,0.452,1,Rain,1,0.302,0,50.7,Moderate,14.2
493,25.1,1000,0.493,1,Clear,0,0.275,0,58.9,Moderate,9.1
2045,5.0,1000,2.045,1,Rain,1,0.98,0,100.0,High,60.0
892,35.5,1000,0.892,1,Rain,1,0.555,1,92.2,High,34.5
1077,29.8,850,1.267,0,Fog,3,0.834,0,94.6,High,38.5
837,5.9,1000,0.837,0,Storm,2,0.517,0,81.0,High,18.4
885,60.9,2000,0.442,1,Clear,0,0.263,0,40.5,Moderate,7.9
822,40.7,1200,0.685,0,Rain,1,0.445,0,53.5,Moderate,11.8
1992,5.0,1000,1.992,1,Clear,0,0.98,0,100.0,High,60.0
654,41.6,1500,0.436,0,Rain,1,0.313,0,41.9,Moderate,4.7
1081,45.1,1500,0.721,1,Clear,0,0.48,0,60.1,Moderate,15.3
1227,28.8,850,1.444,0,Clear,0,0.908,0,88.0,High,39.3
1578,5.0,1000,1.578,0,Storm,2,0.98,1,100.0,High,60.0
2095,5.0,1200,1.746,1,Clear,0,0.98,0,100.0,High,60.0
1548,30.3,1000,1.548,0,Clear,0,0.98,0,92.0,High,47.2
1362,16.6,1000,1.362,0,Clear,0,0.842,1,100.0,High,48.9
1117,6.2,850,1.314,1,Clear,0,0.862,0,100.0,High,39.2
528,14.7,850,0.621,1,Storm,2,0.417,1,94.3,High,28.8
2083,5.0,850,2.451,0,Clear,0,0.98,0,100.0,High,60.0
710,48.8,600,1.183,0,Clear,0,0.777,0,67.3,Moderate,28.5
1375,5.0,600,2.292,1,Clear,0,0.98,0,100.0,High,60.0
592,52.8,1000,0.592,0,Clear,0,0.37,0,38.9,Moderate,3.5
252,31.8,1200,0.21,1,Rain,1,0.125,0,48.2,Moderate,9.5
876,43.9,850,1.031,0,Clear,0,0.605,0,62.6,Moderate,17.8
1627,5.2,1200,1.356,0,Clear,0,0.965,0,94.7,High,31.0
961,47.8,2000,0.48,0,Clear,0,0.293,0,36.1,Moderate,3.7
957,21.5,1200,0.798,1,Clear,0,0.58,0,74.2,High,17.1
592,55.5,1000,0.592,0,Rain,1,0.452,0,42.7,Moderate,4.4
850,34.2,1200,0.708,1,Clear,0,0.499,0,64.5,Moderate,12.7
562,35.5,1000,0.562,0,Clear,0,0.385,0,45.3,Moderate,4.7
778,46.7,1000,0.778,0,Clear,0,0.523,0,50.0,Moderate,8.5
1628,5.0,1000,1.628,1,Fog,3,0.98,0,100.0,High,60.0
860,55.2,1200,0.717,0,Clear,0,0.538,0,43.4,Moderate,9.4
1664,5.0,600,2.773,1,Fog,3,0.98,0,100.0,High,60.0
1125,44.9,1500,0.75,0,Rain,1,0.533,1,69.5,Moderate,23.6
1115,30.3,1200,0.929,0,Rain,1,0.577,0,69.2,Moderate,18.1
1957,31.2,2000,0.978,0,Rain,1,0.643,0,71.0,High,19.7
1133,39.3,1200,0.944,0,Clear,0,0.542,0,60.8,Moderate,15.8
262,48.7,1200,0.218,1,Clear,0,0.148,0,35.9,Moderate,4.7
605,70.9,1200,0.504,0,Clear,0,0.365,0,26.8,Low,4.6
1338,22.0,1200,1.115,0,Clear,0,0.676,0,76.3,High,22.5
1497,14.0,1500,0.998,1,Clear,0,0.553,0,86.6,High,20.4
462,63.3,1000,0.462,1,Clear,0,0.308,0,40.3,Moderate,5.1
1390,5.0,600,2.317,0,Rain,1,0.98,0,100.0,High,60.0
1669,19.0,1000,1.669,0,Clear,0,0.98,1,100.0,High,60.0
1084,31.5,1000,1.084,1,Clear,0,0.653,0,82.6,High,28.3
1547,7.9,1000,1.547,1,Clear,0,0.98,0,100.0,High,52.9
317,50.0,600,0.528,0,Clear,0,0.466,0,37.3,Moderate,2.7
234,80.1,1000,0.234,0,Clear,0,0.158,0,10.5,Low,1.9
1122,46.5,1000,1.122,0,Clear,0,0.708,0,65.6,Moderate,21.5
1240,42.3,1200,1.033,0,Clear,0,0.663,0,63.5,Moderate,18.7
969,55.1,2000,0.484,1,Clear,0,0.349,0,45.0,Moderate,9.5
1028,5.0,850,1.209,1,Storm,2,0.76,0,100.0,High,40.7
749,28.3,600,1.248,1,Clear,0,0.861,0,91.5,High,37.2
1817,26.8,2000,0.908,0,Clear,0,0.538,0,64.8,Moderate,13.9
1121,52.5,1200,0.934,0,Clear,0,0.567,0,54.4,Moderate,16.5
1890,5.0,850,2.224,1,Clear,0,0.98,0,100.0,High,60.0
1049,49.3,2000,0.524,0,Rain,1,0.303,0,42.4,Moderate,8.3
1429,5.0,600,2.382,0,Clear,0,0.98,0,100.0,High,60.0
386,61.9,1000,0.386,0,Rain,1,0.278,0,30.5,Low,5.6
245,38.6,1000,0.245,1,Clear,0,0.09,0,41.7,Moderate,3.4
2352,5.0,1000,2.352,0,Clear,0,0.98,1,100.0,High,60.0
308,69.0,1000,0.308,0,Clear,0,0.187,0,18.8,Low,0.4
2500,5.0,1000,2.5,0,Clear,0,0.98,0,100.0,High,60.0
1137,14.0,850,1.338,0,Clear,0,0.957,0,89.9,High,33.6
